<?xml version="1.0" encoding="utf-8"?>
<ApplicationInstallerManifest>
   <DefaultInstallationDirectory>/Applications/U._Distrital_Francisco_Jose_de_Caldas/Biomass_Analyzer/</DefaultInstallationDirectory>
   <ApplicationName>Biomass_Analyzer</ApplicationName>
   <ExecutableName>application/Biomass_Analyzer.exe</ExecutableName>
   <GUID>89484018-5ad6-4c68-b57c-f0a96c9cfcbe</GUID>
   <ApplicationIcon>icon_48.png</ApplicationIcon>
   <Logo>default_logo.png</Logo>
   <Version>1.0</Version>
   <AuthorOrganization>U. Distrital Francisco Jose de Caldas</AuthorOrganization>
   <Summary>software analisis recurso biomasa</Summary>
   <WelcomePanelText>Biomass_Analyzer 1.0
software analisis recurso biomasa
Julian S. Mahecha R, William A. Sanchez L
softwarebiomasa@gmail.com</WelcomePanelText>
   <MCRProducts>
      <MCRProduct>
         <ExternalProductIdentifier>35002</ExternalProductIdentifier>
      </MCRProduct>
      <MCRProduct>
         <ExternalProductIdentifier>35003</ExternalProductIdentifier>
      </MCRProduct>
      <MCRProduct>
         <ExternalProductIdentifier>35010</ExternalProductIdentifier>
      </MCRProduct>
   </MCRProducts>
</ApplicationInstallerManifest>