<?xml version="1.0" encoding="utf-8"?>
<ApplicationInstallerManifest>
   <DefaultInstallationDirectory>/Applications/U._Distrital_Francisco_Jose_de_Caldas/Biomass_Analyzer/</DefaultInstallationDirectory>
   <ApplicationName>Biomass_Analyzer</ApplicationName>
   <ExecutableName>application/Biomass_Analyzer.exe</ExecutableName>
   <GUID>b486d885-5a4e-4f1e-8806-2cbc9d221fa4</GUID>
   <ApplicationIcon>icon_48.png</ApplicationIcon>
   <Logo>default_logo.png</Logo>
   <Version>1.0</Version>
   <AuthorOrganization>U. Distrital Francisco Jose de Caldas</AuthorOrganization>
   <WelcomePanelText>Biomass_Analyzer 1.0
Julian S. Mahecha R, William A. Sanchez L.
softwarebiomasa@gmail.com</WelcomePanelText>
   <MCRProducts>
      <MCRProduct>
         <ExternalProductIdentifier>35002</ExternalProductIdentifier>
      </MCRProduct>
      <MCRProduct>
         <ExternalProductIdentifier>35003</ExternalProductIdentifier>
      </MCRProduct>
      <MCRProduct>
         <ExternalProductIdentifier>35010</ExternalProductIdentifier>
      </MCRProduct>
   </MCRProducts>
</ApplicationInstallerManifest>